{
	 "rootnode": {
		 "name": "myCone.obj"
		,"transformation": [
			 1
			,0
			,0
			,0
			,0
			,1
			,0
			,0
			,0
			,0
			,1
			,0
			,0
			,0
			,0
			,1
		]
		,"children": [
			{
				 "name": "default"
				,"transformation": [
					 1
					,0
					,0
					,0
					,0
					,1
					,0
					,0
					,0
					,0
					,1
					,0
					,0
					,0
					,0
					,1
				]
			}
			,{
				 "name": "pCone1"
				,"transformation": [
					 1
					,0
					,0
					,0
					,0
					,1
					,0
					,0
					,0
					,0
					,1
					,0
					,0
					,0
					,0
					,1
				]
				,"meshes": [
					 0
				]
			}
		]
	}
	,"flags": 8
	,"meshes": [
		{
			 "name": ""
			,"materialindex": 1
			,"primitivetypes": 4
			,"vertices": [
				 1.17877
				,0
				,-0.219994
				,0.985766
				,0
				,-0.59879
				,-0.113542
				,2.67796
				,0.199904
				,0.685152
				,0
				,-0.899404
				,0.306357
				,0
				,-1.09241
				,-0.113542
				,0
				,-1.15892
				,-0.113542
				,2.67796
				,0.199904
				,-0.53344
				,0
				,-1.09241
				,-0.912235
				,0
				,-0.899404
				,-1.21285
				,0
				,-0.59879
				,-0.113542
				,2.67796
				,0.199904
				,-1.40585
				,0
				,-0.219994
				,-1.47236
				,0
				,0.199904
				,-1.40585
				,0
				,0.619802
				,-0.113542
				,2.67796
				,0.199904
				,-1.21285
				,0
				,0.998598
				,-0.912235
				,0
				,1.29921
				,-0.53344
				,0
				,1.49222
				,-0.113542
				,2.67796
				,0.199904
				,-0.113542
				,0
				,1.55872
				,0.306356
				,0
				,1.49222
				,0.685152
				,0
				,1.29921
				,-0.113542
				,2.67796
				,0.199904
				,0.985766
				,0
				,0.998597
				,1.17877
				,0
				,0.619802
				,1.24528
				,0
				,0.199904
				,-0.113542
				,2.67796
				,0.199904
				,1.17877
				,0
				,-0.219994
			]
			,"normals": [
				 0.848123
				,0.45249
				,-0.275571
				,0.721457
				,0.45249
				,-0.524169
				,0
				,1
				,0
				,0.524169
				,0.45249
				,-0.721457
				,0.275572
				,0.45249
				,-0.848123
				,-0
				,0.45249
				,-0.891769
				,0
				,1
				,0
				,-0.275572
				,0.45249
				,-0.848123
				,-0.524169
				,0.45249
				,-0.721456
				,-0.721457
				,0.45249
				,-0.524169
				,0
				,1
				,0
				,-0.848123
				,0.45249
				,-0.275572
				,-0.89177
				,0.45249
				,0
				,-0.848123
				,0.45249
				,0.275572
				,0
				,1
				,0
				,-0.721457
				,0.45249
				,0.524169
				,-0.524169
				,0.45249
				,0.721457
				,-0.275572
				,0.45249
				,0.848123
				,0
				,1
				,0
				,0
				,0.45249
				,0.891769
				,0.275572
				,0.45249
				,0.848123
				,0.524169
				,0.45249
				,0.721457
				,0
				,1
				,0
				,0.721457
				,0.45249
				,0.524169
				,0.848123
				,0.45249
				,0.275572
				,0.891769
				,0.45249
				,1e-006
				,0
				,1
				,0
				,0.848123
				,0.45249
				,-0.275571
			]
			,"tangents": [
				 -0.338988
				,0.0637475
				,-0.938628
				,-0.578875
				,-0.0212976
				,-0.815138
				,-0.648316
				,0
				,-0.761371
				,-0.802434
				,-0.0212977
				,-0.59636
				,-0.947446
				,-0.0212975
				,-0.319207
				,-0.999715
				,-0.0212973
				,-0.0108065
				,-0.997033
				,0
				,0.076977
				,-0.954125
				,-0.0212976
				,0.298651
				,-0.815138
				,-0.0212976
				,0.578875
				,-0.59636
				,-0.0212975
				,0.802435
				,-0.523766
				,0
				,0.851862
				,-0.319206
				,-0.0212972
				,0.947446
				,-0.0108064
				,-0.0212975
				,0.999715
				,0.298651
				,-0.0212978
				,0.954125
				,0.381309
				,0
				,0.924448
				,0.578875
				,-0.0212974
				,0.815138
				,0.802435
				,-0.0212972
				,0.59636
				,0.947446
				,-0.0212978
				,0.319207
				,0.972022
				,0
				,0.234891
				,0.999715
				,-0.0212977
				,0.0108067
				,0.954125
				,-0.0212972
				,-0.298652
				,0.815138
				,-0.0212976
				,-0.578875
				,0.761371
				,0
				,-0.648317
				,0.59636
				,-0.0212974
				,-0.802435
				,0.319207
				,-0.0212973
				,-0.947446
				,0.0108077
				,-0.0212976
				,-0.999715
				,0.0527227
				,0
				,-0.998609
				,-0.277463
				,-0.0637471
				,-0.958619
			]
			,"bitangents": [
				 -0.0269853
				,-0.482572
				,-0.87544
				,-0.223859
				,-0.563913
				,-0.794915
				,-0.349438
				,0
				,-0.93696
				,-0.417098
				,-0.602194
				,-0.680729
				,-0.557173
				,-0.64378
				,-0.524505
				,-0.635933
				,-0.688218
				,-0.349207
				,-0.908428
				,0
				,-0.418042
				,-0.654587
				,-0.734452
				,-0.179156
				,-0.624052
				,-0.780546
				,-0.0361504
				,-0.563619
				,-0.823483
				,0.0648828
				,-0.98922
				,0
				,0.146438
				,-0.497369
				,-0.859211
				,0.119919
				,-0.448158
				,-0.883232
				,0.13804
				,-0.430344
				,-0.891769
				,0.139827
				,-0.948896
				,0
				,0.315587
				,-0.444192
				,-0.883119
				,0.150977
				,-0.475319
				,-0.858378
				,0.193026
				,-0.500001
				,-0.821013
				,0.275566
				,-0.851996
				,0
				,0.523549
				,-0.493562
				,-0.775581
				,0.393535
				,-0.43776
				,-0.726418
				,0.529795
				,-0.324841
				,-0.676878
				,0.660541
				,-0.38165
				,0
				,0.924307
				,-0.158286
				,-0.629162
				,0.760987
				,0.0486759
				,-0.584496
				,0.809935
				,0.275734
				,-0.543419
				,0.792885
				,0.287276
				,0
				,0.957848
				,0.492738
				,-0.482573
				,0.724108
			]
			,"numuvcomponents": [
				 2
			]
			,"texturecoords": [
				[
					 0.25
					,0.5
					,0.275
					,0.5
					,0.5
					,1
					,0.3
					,0.5
					,0.325
					,0.5
					,0.35
					,0.5
					,0.5
					,1
					,0.375
					,0.5
					,0.4
					,0.5
					,0.425
					,0.5
					,0.5
					,1
					,0.45
					,0.5
					,0.475
					,0.5
					,0.5
					,0.5
					,0.5
					,1
					,0.525
					,0.5
					,0.55
					,0.5
					,0.575
					,0.5
					,0.5
					,1
					,0.6
					,0.5
					,0.625
					,0.5
					,0.65
					,0.5
					,0.5
					,1
					,0.675
					,0.5
					,0.7
					,0.5
					,0.725
					,0.5
					,0.5
					,1
					,0.75
					,0.5
				]
			]
			,"faces": [
				[
					 0
					,1
					,2
				]
				,[
					 1
					,3
					,2
				]
				,[
					 3
					,4
					,2
				]
				,[
					 4
					,5
					,6
				]
				,[
					 5
					,7
					,6
				]
				,[
					 7
					,8
					,6
				]
				,[
					 8
					,9
					,10
				]
				,[
					 9
					,11
					,10
				]
				,[
					 11
					,12
					,10
				]
				,[
					 12
					,13
					,14
				]
				,[
					 13
					,15
					,14
				]
				,[
					 15
					,16
					,14
				]
				,[
					 16
					,17
					,18
				]
				,[
					 17
					,19
					,18
				]
				,[
					 19
					,20
					,18
				]
				,[
					 20
					,21
					,22
				]
				,[
					 21
					,23
					,22
				]
				,[
					 23
					,24
					,22
				]
				,[
					 24
					,25
					,26
				]
				,[
					 25
					,27
					,26
				]
			]
		}
	]
	,"materials": [
		{
			 "properties": [
				{
					 "key": "?mat.name"
					,"semantic": 0
					,"index": 0
					,"type": 3
					,"value": "DefaultMaterial"
				}
				,{
					 "key": "$mat.shadingm"
					,"semantic": 0
					,"index": 0
					,"type": 4
					,"value": 2
				}
				,{
					 "key": "$clr.ambient"
					,"semantic": 0
					,"index": 0
					,"type": 1
					,"value": [
						 0
						,0
						,0
					]
				}
				,{
					 "key": "$clr.diffuse"
					,"semantic": 0
					,"index": 0
					,"type": 1
					,"value": [
						 0.6
						,0.6
						,0.6
					]
				}
				,{
					 "key": "$clr.specular"
					,"semantic": 0
					,"index": 0
					,"type": 1
					,